{
  "map": [
    {
      "id": 1,
      "x": 23.878179,
      "y": 38.038523,
      "name": "Point 1",
      "value": "1"
    },
    {
      "id": 2,
      "x": 23.878189,
      "y": 38.638533,
      "name": "Point 2",
      "value": "2"
    },
    {
      "id": 3,
      "x": 23.278189,
      "y": 38.238533,
      "name": "Point 3",
      "value": "3"
    },
    {
      "id": 4,
      "x": 23.078179,
      "y": 38.038523,
      "name": "Point 4",
      "value": "4"
    },
    {
      "id": 5,
      "x": 23.478189,
      "y": 38.238533,
      "name": "Point 5",
      "value": "5"
    },
    {
      "id": 6,
      "x": 23.978189,
      "y": 38.038533,
      "name": "Point 6",
      "value": "6"
    },
    {
      "x": 23.000000000000004,
      "y": 38,
      "name": "Point 7",
      "value": "7",
      "id": 7
    },
    {
      "x": 23.74374975907251,
      "y": 38.113354080013806,
      "name": "Point 8",
      "value": "8",
      "id": 8
    },
    {
      "x": 24.196983045364508,
      "y": 38.10209090717345,
      "name": "Point 9",
      "value": "9",
      "id": 9
    },
    {
      "x": 23.757922144090507,
      "y": 38.13006587015579,
      "name": "Point 10",
      "value": "10",
      "id": 10
    },
    {
      "x": 23.000000000000004,
      "y": 38,
      "name": "",
      "value": "",
      "id": 11
    }
  ]
}